,pt_month,biz_nm,base_year_month,age,user_cnt,use_cnt,use_amt,pt_year
0,1,건강보조식품 소매업,250841343,50480.0,5637,5929,1541657006,2508401
1,1,골프장 운영업,202197402,43160.0,51901,56191,8442569972,2021964
2,1,과실 및 채소 소매업,1157134834,231290.0,110825,120605,10500189551,11571291
3,1,관광 민예품 및 선물용품 소매업,557790164,105110.0,55875,60275,2148348420,5577874
4,1,그외 기타 분류안된 오락관련 서비스업,20380801,3400.0,364,375,19299500,203807
5,1,그외 기타 스포츠시설 운영업,91415753,17520.0,2775,3268,151431100,914153
6,1,그외 기타 종합 소매업,246195320,46680.0,132590,158267,13748612980,2461941
7,1,기타 갬블링 및 베팅업,1412807,0.0,68,74,288147000,14128
8,1,기타 대형 종합 소매업,199582789,36620.0,375648,433819,24133219517,1995818
9,1,기타 수상오락 서비스업,10295051,1590.0,96,101,10520000,102950
10,1,기타 외국식 음식점업,736992652,146870.0,72389,75442,2802008566,7369890
11,1,기타 주점업,420755185,85190.0,28389,30359,5801164973,4207531
12,1,기타음식료품위주종합소매업,619730171,126990.0,271548,310333,12496816517,6197271
13,1,내항 여객 운송업,52066158,10520.0,21311,22126,716239250,520659
14,1,마사지업,37130984,6500.0,388,407,51768110,371308
15,1,면세점,108368237,19820.0,267223,407260,28276154728,1083677
16,1,버스 운송업,605203,50.0,5,5,9090000,6052
17,1,비알콜 음료점업,1120014850,212170.0,322483,351394,3710241374,11200093
18,1,빵 및 과자류 소매업,1153507616,223710.0,377516,403140,5959962212,11535019
19,1,서양식 음식점업,1343228256,255860.0,386682,419542,10317005797,13432216
20,1,수산물 소매업,822953778,165790.0,83353,91218,8882448659,8229497
21,1,슈퍼마켓,1493343900,287180.0,1343942,1578225,45186116198,14933365
22,1,스포츠 및 레크레이션 용품 임대업,715195344,140210.0,79640,86636,10442343312,7151918
23,1,여관업,694405141,133390.0,111429,125245,13254031722,6944017
24,1,여행사업,151353450,26820.0,7914,8285,1344538332,1513527
25,1,욕탕업,551542133,109730.0,46689,50200,1162414344,5515394
26,1,육류 소매업,808815808,165260.0,86727,93204,6965602036,8088118
27,1,일반유흥 주점업,402795296,78810.0,53918,59281,12692577154,4027933
28,1,일식 음식점업,961601165,191330.0,126350,129203,9845055567,9615964
29,1,자동차 임대업,223800509,42480.0,56144,56817,4291085576,2237994
30,1,전시 및 행사 대행업,485338505,92510.0,103929,115413,3644902851,4853361
31,1,정기 항공 운송업,30673652,5720.0,95654,96668,17313486364,306735
32,1,중식 음식점업,1078038742,212760.0,135404,141537,4335477926,10780334
33,1,차량용 가스 충전업,607427110,127090.0,53842,55921,3271738765,6074241
34,1,차량용 주유소 운영업,1282645756,260420.0,773134,812977,48249521386,12826394
35,1,체인화 편의점,1763574239,330370.0,2271654,2592449,21891002092,17635655
36,1,"피자, 햄버거, 샌드위치 및 유사 음식점업",939193754,175060.0,317641,340009,4708040168,9391891
37,1,한식 음식점업,1844075038,350440.0,2354242,2510236,107773748222,18440659
38,1,호텔업,225011415,43910.0,45141,51072,14270533111,2250103
39,1,화장품 및 방향제 소매업,556562258,105790.0,62656,69422,3247681350,5565595
40,1,휴양콘도 운영업,220776794,43690.0,43481,51108,5448086786,2207757
41,2,건강보조식품 소매업,247212750,48750.0,5485,5716,1527309892,2472103
42,2,골프장 운영업,208656668,44050.0,50916,54567,8466213901,2086546
43,2,과실 및 채소 소매업,1117378274,222710.0,94726,103447,9526419182,11173672
44,2,관광 민예품 및 선물용품 소매업,544269194,101520.0,51679,55596,1852725724,5442638
45,2,그외 기타 분류안된 오락관련 서비스업,23408832,4000.0,416,425,21947000,234086
46,2,그외 기타 스포츠시설 운영업,88593278,16690.0,2508,3067,138682700,885924
47,2,그외 기타 종합 소매업,235304832,43960.0,116590,136302,12924794710,2353025
48,2,기타 갬블링 및 베팅업,1412414,0.0,56,66,279400000,14124
49,2,기타 대형 종합 소매업,200189684,36870.0,343237,392547,21479105040,2001877
50,2,기타 수상오락 서비스업,9689296,1460.0,84,85,8620151,96892
51,2,기타 외국식 음식점업,718028416,142070.0,60607,62818,2466977828,7180213
52,2,기타 주점업,404815712,82320.0,24911,26622,5127917634,4048117
53,2,기타음식료품위주종합소매업,616105806,125700.0,243802,275361,12102871569,6160997
54,2,내항 여객 운송업,54086036,10820.0,21164,21873,675483700,540855
55,2,마사지업,30876306,5740.0,343,365,45858010,308760
56,2,면세점,107560866,19480.0,249256,379770,26163098740,1075598
57,2,버스 운송업,605306,40.0,13,20,26894000,6053
58,2,비알콜 음료점업,1117197772,210820.0,302520,327055,3478796338,11171867
59,2,빵 및 과자류 소매업,1134951148,219330.0,340313,362226,5610708401,11349399
60,2,서양식 음식점업,1342428004,253320.0,358191,387482,9543241216,13424147
61,2,수산물 소매업,799551824,160060.0,71216,78175,7482627467,7995439
62,2,슈퍼마켓,1484075208,284260.0,1207763,1395193,42079887420,14840605
63,2,스포츠 및 레크레이션 용품 임대업,686138400,131320.0,72989,79359,9256561659,6861316
64,2,여관업,679475534,128610.0,96460,108093,12063865041,6794688
65,2,여행사업,146308550,25130.0,7700,8029,1267788931,1463071
66,2,욕탕업,537823230,107780.0,39749,42600,902412066,5378179
67,2,육류 소매업,784607976,158930.0,74602,79597,7057435605,7846002
68,2,일반유흥 주점업,386254328,74580.0,46987,51493,10779526058,3862505
69,2,일식 음식점업,955949174,189030.0,116317,118733,9026296524,9559397
70,2,자동차 임대업,216940450,40950.0,49065,49676,3739338913,2169383
71,2,전시 및 행사 대행업,479895656,91040.0,92342,102631,3130100530,4798909
72,2,정기 항공 운송업,29463292,5400.0,86488,87407,14510556394,294630
73,2,중식 음식점업,1053824644,206520.0,120370,125017,3911230071,10538142
74,2,차량용 가스 충전업,587450622,123140.0,47116,48723,3201481433,5874448
75,2,차량용 주유소 운영업,1272764914,258790.0,697218,730200,43885697673,12727523
76,2,체인화 편의점,1770038342,330660.0,2104298,2370794,20134631625,17700208
77,2,택시 운송업,403804,40.0,3,3,162200,4038
78,2,"피자, 햄버거, 샌드위치 및 유사 음식점업",927496892,172880.0,290692,310075,4223956955,9274877
79,2,한식 음식점업,1834605182,347030.0,2089235,2216295,95393168173,18345870
80,2,호텔업,223603216,42460.0,41376,47400,15023136772,2236010
81,2,화장품 및 방향제 소매업,536388216,101590.0,60790,67294,2984471836,5363829
82,2,휴양콘도 운영업,222193302,43800.0,37046,43629,4653660782,2221911
83,3,건강보조식품 소매업,263963224,53050.0,6243,6577,1925015772,2639593
84,3,골프장 운영업,222584109,46980.0,83281,89296,13672856265,2225808
85,3,과실 및 채소 소매업,1160978159,233690.0,115424,126552,10446621582,11609609
86,3,관광 민예품 및 선물용품 소매업,592101502,111450.0,61599,67067,2632060661,5920927
87,3,그외 기타 분류안된 오락관련 서비스업,20784909,3310.0,273,281,14576500,207846
88,3,그외 기타 스포츠시설 운영업,93233886,17870.0,2712,3119,161106214,932325
89,3,그외 기타 종합 소매업,225821757,42760.0,125896,153037,10601508038,2258184
90,3,기타 갬블링 및 베팅업,2219933,0.0,70,79,570500000,22199
91,3,기타 대형 종합 소매업,195345304,36260.0,358441,415651,21286920140,1953424
92,3,기타 수상오락 서비스업,13927607,2190.0,104,106,19149400,139274
93,3,기타 외국식 음식점업,747493312,148670.0,69903,73237,2725279616,7474822
94,3,기타 주점업,420960858,86060.0,28464,30624,5884752052,4209546
95,3,기타음식료품위주종합소매업,625795003,129390.0,274932,316172,12103857904,6257857
96,3,내항 여객 운송업,54689413,11250.0,28426,29369,914949000,546886
97,3,마사지업,39553788,7630.0,450,491,63357500,395532
98,3,면세점,106956390,19480.0,287450,434183,29860036681,1069548
99,3,버스 운송업,201703,0.0,2,2,630000,2017
100,3,비알콜 음료점업,1140413153,217330.0,349883,382080,3988067372,11403962
101,3,빵 및 과자류 소매업,1150692206,223990.0,388864,417264,5999526810,11506751
102,3,서양식 음식점업,1355954957,257630.0,409855,445487,10480904689,13559348
103,3,수산물 소매업,840112189,170370.0,83000,91516,7662902121,8400997
104,3,슈퍼마켓,1482863344,286750.0,1357058,1618308,44527884058,14828413
105,3,스포츠 및 레크레이션 용품 임대업,751727275,145240.0,88434,96240,11467544607,7517161
106,3,여관업,697843374,134230.0,106941,120439,12489014431,6978330
107,3,여행사업,155791616,27930.0,9067,9514,1776420036,1557893
108,3,욕탕업,534595347,108930.0,38431,41714,1004569353,5345874
109,3,육류 소매업,790261548,161360.0,77641,83589,6106368782,7902498
110,3,일반유흥 주점업,404212609,79490.0,52669,58065,12887027861,4042066
111,3,일식 음식점업,994905590,199680.0,133982,137258,10400093890,9948908
112,3,자동차 임대업,221781797,42300.0,55844,56610,3887742550,2217785
113,3,전시 및 행사 대행업,497248392,94510.0,96415,107353,3965459415,4972410
114,3,정기 항공 운송업,30876259,5760.0,98453,99804,16001237370,308758
115,3,중식 음식점업,1080870468,213250.0,141340,148092,4368527602,10808544
116,3,차량용 가스 충전업,583817679,121610.0,48843,50822,3431669278,5838090
117,3,차량용 주유소 운영업,1271960409,259450.0,803467,851019,48405578589,12719415
118,3,체인화 편의점,1755714700,329990.0,2399147,2748769,22746213952,17556886
119,3,"피자, 햄버거, 샌드위치 및 유사 음식점업",938192447,175320.0,315188,339110,4367961417,9381785
120,3,한식 음식점업,1840661663,350260.0,2433775,2604238,109370056621,18406343
121,3,호텔업,223199318,43420.0,43322,50223,13542842536,2231960
122,3,화장품 및 방향제 소매업,564846897,108860.0,62655,69145,3481932572,5648385
123,3,휴양콘도 운영업,226835272,45350.0,38433,44535,5277651002,2268319
124,4,건강보조식품 소매업,257304200,51870.0,6728,7105,2218283852,2572991
125,4,골프장 운영업,222789016,46370.0,92772,99295,16746608009,2227846
126,4,과실 및 채소 소매업,1183383256,238850.0,129611,142295,11450100811,11833598
127,4,관광 민예품 및 선물용품 소매업,619143572,115500.0,74741,82260,3483181896,6191313
128,4,그외 기타 분류안된 오락관련 서비스업,21996636,3530.0,307,312,18057800,219962
129,4,그외 기타 스포츠시설 운영업,96461912,18660.0,3336,3763,224696200,964600
130,4,그외 기타 종합 소매업,220777276,41230.0,129054,157696,10773280106,2207729
131,4,기타 갬블링 및 베팅업,1412328,0.0,62,66,308800000,14123
132,4,기타 대형 종합 소매업,197364612,36570.0,352490,410886,20899381544,1973607
133,4,기타 수상오락 서비스업,12916656,2110.0,99,106,17268950,129164
134,4,기타 외국식 음식점업,750724380,149990.0,67606,70631,2691468109,7507095
135,4,기타 주점업,420353932,85680.0,27674,29810,5728205428,4203456
136,4,기타음식료품위주종합소매업,636089508,130880.0,286616,330919,12715282549,6360769
137,4,내항 여객 운송업,59331776,11940.0,32230,33376,1154587400,593306
138,4,마사지업,42178536,8060.0,477,508,63829000,421777
139,4,면세점,105745096,19190.0,291837,443350,32020297159,1057430
140,4,버스 운송업,403508,0.0,10,13,33890000,4035
141,4,비알콜 음료점업,1173515060,221750.0,369438,403886,4229708880,11734918
142,4,빵 및 과자류 소매업,1171484020,228620.0,388080,416929,6061819540,11714608
143,4,서양식 음식점업,1401568280,265860.0,430088,469223,11074338111,14015405
144,4,수산물 소매업,853838524,173060.0,89868,99931,8046239297,8538216
145,4,슈퍼마켓,1518394796,293140.0,1391373,1667782,45341592077,15183647
146,4,스포츠 및 레크레이션 용품 임대업,797532408,155190.0,101755,111382,13615424554,7975166
147,4,여관업,720042872,137640.0,117626,132651,15046680252,7200286
148,4,여행사업,162048412,29260.0,9578,10018,1930460413,1620452
149,4,욕탕업,525517916,106340.0,35355,38609,912547558,5255075
150,4,육류 소매업,802977916,164510.0,77805,83746,6050785862,8029620
151,4,일반유흥 주점업,406231852,79650.0,52335,57685,12650549062,4062238
152,4,일식 음식점업,1018521788,203220.0,144119,147710,11870916095,10185016
153,4,자동차 임대업,230864876,44390.0,60915,61818,4566844287,2308603
154,4,전시 및 행사 대행업,520661920,97690.0,124177,142048,6936003166,5206516
155,4,정기 항공 운송업,30876312,5820.0,88382,90072,15885099099,308757
156,4,중식 음식점업,1069779504,211460.0,137679,144391,4320497253,10697583
157,4,차량용 가스 충전업,564247584,118100.0,44914,46930,2935269379,5642364
158,4,차량용 주유소 운영업,1278424740,260510.0,798174,843097,45840942078,12783994
159,4,체인화 편의점,1813438644,339500.0,2533374,2919324,23467308537,18134027
160,4,택시 운송업,403808,0.0,2,2,250000,4038
161,4,"피자, 햄버거, 샌드위치 및 유사 음식점업",952927188,177800.0,321598,347404,4499125443,9529083
162,4,한식 음식점업,1902625812,357430.0,2486664,2659717,116640479859,19025881
163,4,호텔업,226023380,43850.0,43536,50974,15875167491,2260189
164,4,화장품 및 방향제 소매업,582201740,111090.0,62903,69122,3426607264,5821902
165,4,휴양콘도 운영업,238339324,46320.0,45962,53516,6680476538,2383346
166,5,건강보조식품 소매업,280307245,56130.0,6882,7250,2207393689,2803003
167,5,골프장 운영업,223598440,46350.0,104319,111929,19721107173,2235929
168,5,과실 및 채소 소매업,1181772980,235100.0,126452,138383,10398685375,11817437
169,5,관광 민예품 및 선물용품 소매업,648812075,120110.0,78867,86749,3288851462,6487960
170,5,그외 기타 분류안된 오락관련 서비스업,22601760,3760.0,441,455,22927785,226012
171,5,그외 기타 스포츠시설 운영업,104940700,20550.0,3652,4191,318108300,1049381
172,5,그외 기타 종합 소매업,238936820,44270.0,138382,165862,11236337790,2389309
173,5,기타 갬블링 및 베팅업,1210830,0.0,57,74,445400000,12108
174,5,기타 대형 종합 소매업,198979130,36880.0,395228,460273,23874739290,1989742
175,5,기타 수상오락 서비스업,20988020,3180.0,166,173,31120800,209875
176,5,기타 외국식 음식점업,764045530,152050.0,68740,71497,2722956917,7640266
177,5,기타 주점업,427826700,86860.0,28241,30307,5758386347,4278161
178,5,기타음식료품위주종합소매업,646989830,132510.0,309031,353893,14108014343,6469738
179,5,내항 여객 운송업,61147015,12150.0,36132,37495,1215537104,611455
180,5,마사지업,38141345,6970.0,477,522,66316000,381404
181,5,면세점,112000075,20240.0,314319,481590,35817119405,1119973
182,5,버스 운송업,403510,0.0,7,9,5750000,4035
183,5,비알콜 음료점업,1186433195,222120.0,393980,428891,4435351115,11864038
184,5,빵 및 과자류 소매업,1197318765,231390.0,397845,426321,6228380540,11972891
185,5,서양식 음식점업,1445171205,271810.0,482198,525156,12426300023,14451354
186,5,수산물 소매업,853443845,170630.0,85844,95315,7795824846,8534227
187,5,슈퍼마켓,1555520140,296850.0,1511882,1794638,49127984983,15554816
188,5,스포츠 및 레크레이션 용품 임대업,858679875,166370.0,125575,137783,14435149965,8586586
189,5,여관업,737601375,138770.0,127450,143821,15544536208,7375831
190,5,여행사업,167293945,30650.0,10932,11481,2113368012,1672898
191,5,욕탕업,524308290,105240.0,33230,35976,806484874,5242953
192,5,육류 소매업,810853390,163100.0,80615,86532,6658687226,8108333
193,5,일반유흥 주점업,411884205,80930.0,52713,58006,12536677739,4118740
194,5,일식 음식점업,1051013940,208370.0,161379,165175,12439831416,10509879
195,5,자동차 임대업,236313755,44820.0,62500,63251,5331346644,2363079
196,5,전시 및 행사 대행업,541249910,100260.0,147266,170891,7848209945,5412365
197,5,정기 항공 운송업,31077970,5870.0,98547,98697,15827382231,310772
198,5,중식 음식점업,1091378140,213810.0,148577,155012,4657830142,10913511
199,5,차량용 가스 충전업,549726120,113370.0,44549,46373,2852676990,5497125
200,5,차량용 주유소 운영업,1296795830,263090.0,823560,865279,47341233741,12967637
201,5,체인화 편의점,1860464295,345000.0,2852904,3268782,26267332584,18604182
202,5,택시 운송업,201905,0.0,1,1,150000,2019
203,5,"피자, 햄버거, 샌드위치 및 유사 음식점업",976342590,182200.0,354657,382127,5089157270,9763184
204,5,한식 음식점업,1930478430,359870.0,2631803,2801029,121841585527,19304306
205,5,호텔업,230260805,44650.0,50564,57903,18367503304,2302551
206,5,화장품 및 방향제 소매업,591486355,112390.0,70658,77374,3506331682,5914717
207,5,휴양콘도 운영업,247017820,47720.0,52525,62224,6892049715,2470117
208,6,건강보조식품 소매업,248223380,50360.0,5741,6050,2045155635,2482160
209,6,골프장 운영업,219362322,45550.0,98907,105960,17481963516,2193558
210,6,과실 및 채소 소매업,1160388500,231200.0,125276,137332,9773970237,11603540
211,6,관광 민예품 및 선물용품 소매업,618746896,114750.0,76336,83307,3088008161,6187285
212,6,그외 기타 분류안된 오락관련 서비스업,20788018,3330.0,304,315,17863750,207874
213,6,그외 기타 스포츠시설 운영업,99693964,19470.0,3211,3741,270231700,996910
214,6,그외 기타 종합 소매업,221586088,41610.0,138176,167674,10892317370,2215795
215,6,기타 갬블링 및 베팅업,1008830,0.0,68,93,446690000,10088
216,6,기타 대형 종합 소매업,201000476,37080.0,369034,428855,21563528274,2009945
217,6,기타 수상오락 서비스업,24621832,3810.0,240,248,40682500,246211
218,6,기타 외국식 음식점업,769701884,152280.0,66911,69934,2498256975,7696790
219,6,기타 주점업,421371828,85270.0,26331,28394,5419697355,4213593
220,6,기타음식료품위주종합소매업,635085682,130480.0,312214,359790,13985493557,6350668
221,6,내항 여객 운송업,58928052,11700.0,35886,37193,1149079450,589263
222,6,마사지업,37132504,6540.0,443,460,56164122,371314
223,6,면세점,108169316,19390.0,301498,456475,32387261058,1081661
224,6,버스 운송업,605218,60.0,12,14,19360000,6052
225,6,비알콜 음료점업,1184828726,223590.0,393318,428954,4465508295,11847935
226,6,빵 및 과자류 소매업,1178760646,228200.0,382906,411463,5908918569,11787256
227,6,서양식 음식점업,1442146876,272090.0,486174,530004,12409386801,14421040
228,6,수산물 소매업,852430244,170180.0,86553,96458,7691636494,8524049
229,6,슈퍼마켓,1544227312,296340.0,1492118,1781423,48261962560,15441814
230,6,스포츠 및 레크레이션 용품 임대업,856466864,166970.0,114297,125481,11998328345,8564414
231,6,여관업,722272974,137510.0,130761,148394,16418836277,7222515
232,6,여행사업,173350554,31050.0,12304,12807,2614150203,1733454
233,6,욕탕업,520877086,104500.0,30395,33323,699840495,5208616
234,6,육류 소매업,801977744,162350.0,77649,83470,6378362766,8019539
235,6,일반유흥 주점업,405226648,79760.0,50234,55420,12006260546,4052146
236,6,일식 음식점업,1074430444,213000.0,162746,166857,12366339777,10743985
237,6,자동차 임대업,228243686,42740.0,64439,65219,5206796585,2282369
238,6,전시 및 행사 대행업,521273898,97600.0,128467,148869,5664107099,5212584
239,6,정기 항공 운송업,30271100,5780.0,92852,94022,15670328289,302702
240,6,중식 음식점업,1097430928,215330.0,147493,154841,4612850260,10973983
241,6,차량용 가스 충전업,533985976,110350.0,42394,44200,2574003302,5339701
242,6,차량용 주유소 운영업,1284492990,260490.0,804597,847654,45518892702,12844548
243,6,체인화 편의점,1850994032,345230.0,2877851,3312705,26904941391,18509390
244,6,택시 운송업,403812,0.0,3,4,1175000,4038
245,6,"피자, 햄버거, 샌드위치 및 유사 음식점업",969889936,181960.0,349872,377847,4948036988,9698611
246,6,한식 음식점업,1913740598,357710.0,2591626,2765465,118676693562,19136837
247,6,호텔업,225418402,43420.0,46534,54054,17865808079,2254117
248,6,화장품 및 방향제 소매업,583821058,110880.0,61723,67682,3242675566,5838037
249,6,휴양콘도 운영업,246613332,47680.0,50799,60192,6612211709,2466060
250,7,건강보조식품 소매업,236316397,46220.0,5180,5465,1930190397,2363082
251,7,골프장 운영업,214316234,44820.0,85901,93001,13927121076,2143088
252,7,과실 및 채소 소매업,1147478302,227870.0,110602,121511,7679418359,11474385
253,7,관광 민예품 및 선물용품 소매업,612289638,113180.0,74386,80710,2684678074,6122684
254,7,그외 기타 분류안된 오락관련 서비스업,27045838,4420.0,552,589,18737155,270449
255,7,그외 기타 스포츠시설 운영업,96666753,18390.0,2572,2898,208231310,966634
256,7,그외 기타 종합 소매업,220778158,40830.0,149017,181487,10980117380,2207705
257,7,기타 갬블링 및 베팅업,2219477,30.0,107,126,777696952,22194
258,7,기타 대형 종합 소매업,202009207,36880.0,416141,488975,24695213960,2020022
259,7,기타 수상오락 서비스업,28253880,4450.0,258,264,42121500,282529
260,7,기타 외국식 음식점업,763040667,150610.0,65639,68752,2458408342,7630142
261,7,기타 주점업,416123834,84580.0,25923,28017,5322888085,4161094
262,7,기타음식료품위주종합소매업,644171244,131250.0,339579,395336,14912173496,6441489
263,7,내항 여객 운송업,61147721,12260.0,36402,37672,1115861900,611456
264,7,마사지업,38747244,6920.0,440,478,56147010,387459
265,7,면세점,110993750,20050.0,272401,408645,28721610659,1109899
266,7,버스 운송업,605221,50.0,3,3,1563000,6052
267,7,비알콜 음료점업,1231237407,231010.0,433657,474949,5002670327,12311947
268,7,빵 및 과자류 소매업,1183002834,227900.0,381804,412337,5661718711,11829618
269,7,서양식 음식점업,1483718264,278600.0,542543,592706,13583759335,14836668
270,7,수산물 소매업,827614907,163990.0,81439,90303,6836730555,8275862
271,7,슈퍼마켓,1566832948,298390.0,1569902,1890364,50168965824,15667786
272,7,스포츠 및 레크레이션 용품 임대업,880485441,170390.0,118161,130529,10672421062,8804549
273,7,여관업,755366001,141040.0,139231,159045,16182123715,7553398
274,7,여행사업,165683647,30230.0,13050,13547,2293731943,1656779
275,7,욕탕업,494246143,96240.0,29260,32378,654938145,4942290
276,7,육류 소매업,811065833,162700.0,78357,84174,6148539569,8110377
277,7,일반유흥 주점업,399981874,77930.0,51300,57266,11855963748,3999680
278,7,일식 음식점업,1079683750,211180.0,166350,170527,11782839193,10796463
279,7,자동차 임대업,234095420,43900.0,66994,67580,6451097163,2340873
280,7,전시 및 행사 대행업,526726870,98480.0,122609,141492,4426112786,5267086
281,7,정기 항공 운송업,31482492,5800.0,104872,104811,18424016172,314814
282,7,중식 음식점업,1102683148,215520.0,157797,166016,4872081657,11026449
283,7,차량용 가스 충전업,525311421,107690.0,43906,45859,2452490639,5252932
284,7,차량용 주유소 운영업,1302658885,263050.0,860254,906610,47319969410,13026137
285,7,체인화 편의점,1880265319,347680.0,3071951,3568609,28459356886,18802001
286,7,택시 운송업,403814,0.0,4,5,620000,4038
287,7,"피자, 햄버거, 샌드위치 및 유사 음식점업",979179864,182020.0,373013,403691,5309027950,9791459
288,7,한식 음식점업,1938774549,360700.0,2728429,2916207,120715289319,19387073
289,7,호텔업,226226247,43050.0,50411,58992,19044787243,2262184
290,7,화장품 및 방향제 소매업,572313352,107680.0,66936,73572,3302873975,5722935
291,7,휴양콘도 운영업,249843966,48020.0,57911,71099,7457896462,2498353
292,8,건강보조식품 소매업,239955412,47360.0,4926,5174,1721149038,2399459
293,8,골프장 운영업,218960280,45910.0,89038,96560,15298191726,2189516
294,8,과실 및 채소 소매업,1173514120,232840.0,119302,130913,8365321490,11734676
295,8,관광 민예품 및 선물용품 소매업,640141076,118810.0,86680,94011,2970649318,6401157
296,8,그외 기타 분류안된 오락관련 서비스업,32494688,5610.0,1131,1235,36504470,324934
297,8,그외 기타 스포츠시설 운영업,103729612,19860.0,3688,4281,293981433,1037255
298,8,그외 기타 종합 소매업,224411396,42440.0,155466,186344,12081748320,2244025
299,8,기타 갬블링 및 베팅업,1412656,0.0,74,94,583300000,14126
300,8,기타 대형 종합 소매업,207659932,37990.0,417412,485146,24205988440,2076517
301,8,기타 수상오락 서비스업,31081332,4970.0,298,307,52704900,310801
302,8,기타 외국식 음식점업,768697872,151000.0,69015,72336,2590860253,7686674
303,8,기타 주점업,424201916,85820.0,26060,28084,5282876091,4241851
304,8,기타음식료품위주종합소매업,653256196,133020.0,368499,424524,16636371642,6532303
305,8,내항 여객 운송업,64579260,12830.0,45799,47204,1541213500,645767
306,8,마사지업,43994844,7840.0,487,513,57023600,439931
307,8,면세점,109985060,19320.0,301227,471840,34025111349,1099807
308,8,버스 운송업,403516,0.0,7,7,3250000,4035
309,8,비알콜 음료점업,1243158980,232330.0,463116,504970,5329687945,12431097
310,8,빵 및 과자류 소매업,1211465824,233300.0,412646,444651,6192964362,12114178
311,8,서양식 음식점업,1520051256,284490.0,596802,651503,15134009426,15199910
312,8,수산물 소매업,852444592,169910.0,88054,97924,7404288197,8524108
313,8,슈퍼마켓,1587634136,301910.0,1616431,1933858,53400132989,15875712
314,8,스포츠 및 레크레이션 용품 임대업,869595672,167050.0,97753,107683,8524237817,8695612
315,8,여관업,780997060,146370.0,150479,171443,18641116379,7809661
316,8,여행사업,174767028,30910.0,15256,15785,2473844883,1747601
317,8,욕탕업,460950372,90330.0,29123,32132,685329717,4609321
318,8,육류 소매업,837709308,168580.0,86979,93918,7311246652,8376761
319,8,일반유흥 주점업,406440212,79180.0,51596,57558,11604585617,4064241
320,8,일식 음식점업,1082714220,213620.0,174742,178816,12545475563,10826713
321,8,자동차 임대업,237122600,44370.0,74437,75045,8442105294,2371132
322,8,전시 및 행사 대행업,547922020,101310.0,151376,175251,5514376980,5479003
323,8,정기 항공 운송업,31280340,5710.0,91479,91934,14233880531,312791
324,8,중식 음식점업,1134571976,221230.0,165013,173069,5137306568,11345270
325,8,차량용 가스 충전업,515624640,106170.0,45016,46949,2377391417,5156042
326,8,차량용 주유소 운영업,1319422104,266420.0,916826,965481,50377700313,13193698
327,8,체인화 편의점,1922449208,355580.0,3372687,3894575,31315893457,19223730
328,8,택시 운송업,1614664,270.0,8,8,237300,16146
329,8,"피자, 햄버거, 샌드위치 및 유사 음식점업",996941420,185750.0,394076,425827,5616780117,9969019
330,8,한식 음식점업,1972893708,366520.0,2900846,3091918,128466561878,19728155
331,8,호텔업,244797604,46550.0,60324,70232,21318437554,2447879
332,8,화장품 및 방향제 소매업,586042832,110960.0,68470,75535,3440428978,5860196
333,8,휴양콘도 운영업,263367340,50240.0,76140,95383,9816823117,2633569
334,9,건강보조식품 소매업,261542064,51080.0,6846,7177,2336387934,2615304
335,9,골프장 운영업,217749611,45510.0,83546,89603,14177386144,2177399
336,9,과실 및 채소 소매업,1202975949,240270.0,125867,137963,12284696774,12029223
337,9,관광 민예품 및 선물용품 소매업,619961448,113220.0,71052,77339,2920013779,6199338
338,9,그외 기타 분류안된 오락관련 서비스업,23210235,3730.0,752,818,24482700,232092
339,9,그외 기타 스포츠시설 운영업,95659166,18220.0,2777,3186,203170800,956549
340,9,그외 기타 종합 소매업,270426360,50420.0,145022,173135,18410010434,2704143
341,9,기타 갬블링 및 베팅업,1008945,0.0,79,98,592200000,10089
342,9,기타 대형 종합 소매업,205040044,37480.0,370338,430446,23421194609,2050309
343,9,기타 수상오락 서비스업,24419689,3950.0,201,208,48019400,244186
344,9,기타 외국식 음식점업,762440002,151020.0,67462,70417,2541254883,7624060
345,9,기타 주점업,425207463,86640.0,27070,29045,5529907969,4251885
346,9,기타음식료품위주종합소매업,639935039,130590.0,315076,361564,16263378392,6399065
347,9,내항 여객 운송업,60543500,12160.0,32776,34014,1152558400,605408
348,9,마사지업,42784908,7650.0,467,489,56834010,427830
349,9,면세점,109379878,19900.0,275867,418674,29482143538,1093750
350,9,버스 운송업,605227,70.0,8,9,15750000,6052
351,9,비알콜 음료점업,1204609321,225960.0,380858,415993,4257265434,12045556
352,9,빵 및 과자류 소매업,1198955069,231890.0,394131,422996,6503369573,11989016
353,9,서양식 음식점업,1468791002,275190.0,481965,525529,12130901668,14687255
354,9,수산물 소매업,850424126,169900.0,87358,96851,9580860743,8503862
355,9,슈퍼마켓,1556152499,297810.0,1504378,1794144,51936999466,15560831
356,9,스포츠 및 레크레이션 용품 임대업,855871869,165190.0,99926,110305,11075019113,8558337
357,9,여관업,721866493,137270.0,116744,134200,14682127392,7218343
358,9,여행사업,162657954,30000.0,10247,10671,2265088622,1626507
359,9,욕탕업,494856268,98150.0,30684,33886,757276725,4948342
360,9,육류 소매업,817325950,166220.0,84950,91323,9088090740,8172895
361,9,일반유흥 주점업,411082333,80470.0,51864,57506,12305568493,4110640
362,9,일식 음식점업,1037310260,204970.0,143835,147277,10501995791,10372640
363,9,자동차 임대업,231271514,44010.0,60152,60884,4801630114,2312612
364,9,전시 및 행사 대행업,528952689,96840.0,114365,132510,5079790214,5289291
365,9,정기 항공 운송업,31482704,5840.0,87648,88659,13315850835,314813
366,9,중식 음식점업,1099261723,216320.0,142415,149353,4445133317,10992127
367,9,차량용 가스 충전업,520067693,106080.0,40827,42516,2270897056,5200445
368,9,차량용 주유소 운영업,1286731684,260150.0,812305,855900,46067407132,12866743
369,9,체인화 편의점,1892182084,350830.0,2900325,3345973,27294753825,18920977
370,9,택시 운송업,403518,30.0,2,2,248000,4035
371,9,"피자, 햄버거, 샌드위치 및 유사 음식점업",973736325,179570.0,329063,354957,4671378219,9736929
372,9,한식 음식점업,1927689568,359640.0,2482401,2648235,110998264022,19276036
373,9,호텔업,225017735,43590.0,44126,51327,16910316430,2250077
374,9,화장품 및 방향제 소매업,563843546,106860.0,57660,63179,3298883511,5638184
375,9,휴양콘도 운영업,245608953,47530.0,46195,55942,6190293013,2455980
376,10,건강보조식품 소매업,252461110,50440.0,6171,6523,2425375299,2524486
377,10,골프장 운영업,222393720,46120.0,100400,107293,19061522791,2223827
378,10,과실 및 채소 소매업,1200971910,238340.0,127837,140995,10987541615,12009124
379,10,관광 민예품 및 선물용품 소매업,637724000,117080.0,75639,83060,3444092527,6376924
380,10,그외 기타 분류안된 오락관련 서비스업,23614170,3920.0,586,636,22933408,236130
381,10,그외 기타 스포츠시설 운영업,95252320,18080.0,3233,3621,266067010,952476
382,10,그외 기타 종합 소매업,239145350,44590.0,133468,160903,11442506306,2391335
383,10,기타 갬블링 및 베팅업,1210560,0.0,76,95,540600000,12105
384,10,기타 대형 종합 소매업,203828000,37580.0,367859,429806,22184993933,2038179
385,10,기타 수상오락 서비스업,29062340,5260.0,278,298,48687800,290609
386,10,기타 외국식 음식점업,776378570,153310.0,71698,74980,2701724759,7763401
387,10,기타 주점업,426826950,86350.0,27109,29090,5544182133,4268058
388,10,기타음식료품위주종합소매업,638725950,129200.0,298338,342281,13692175131,6386943
389,10,내항 여객 운송업,61148530,12340.0,32227,33455,1291379900,611455
390,10,마사지업,40969530,7160.0,435,455,54478010,409675
391,10,면세점,110794290,20220.0,275972,422313,30466668430,1107888
392,10,버스 운송업,403520,0.0,5,5,12786110,4035
393,10,비알콜 음료점업,1213090410,228550.0,382532,418630,4164329875,12130303
394,10,빵 및 과자류 소매업,1214501380,233890.0,391670,420113,6226903609,12144412
395,10,서양식 음식점업,1487160790,279360.0,481619,524380,12207434910,14870871
396,10,수산물 소매업,864962360,172220.0,86986,96974,8436047060,8649195
397,10,슈퍼마켓,1571289260,300670.0,1460539,1742637,49678961402,15712114
398,10,스포츠 및 레크레이션 용품 임대업,859915810,166120.0,112469,123776,14133625188,8598732
399,10,여관업,740442890,140100.0,118996,134109,15747105301,7404062
400,10,여행사업,165484600,30580.0,10131,10644,2626721828,1654764
401,10,욕탕업,533600440,106420.0,35221,38550,792193422,5335740
402,10,육류 소매업,807650720,163320.0,78098,83792,6995358698,8076107
403,10,일반유흥 주점업,414515340,79980.0,52403,57690,12486644072,4144948
404,10,일식 음식점업,1057094680,209870.0,143140,146456,11196604987,10570423
405,10,자동차 임대업,234098400,44320.0,60816,61552,5236643562,2340868
406,10,전시 및 행사 대행업,542673390,99920.0,147661,169471,7132478621,5426465
407,10,정기 항공 운송업,31684270,5920.0,89109,91041,14336832435,316827
408,10,중식 음식점업,1120055100,219030.0,149801,157076,4701114729,11199996
409,10,차량용 가스 충전업,540656390,110880.0,41637,43440,2380062732,5406296
410,10,차량용 주유소 운영업,1301673800,264130.0,810007,853312,46957108377,13016093
411,10,체인화 편의점,1910346360,354220.0,2910918,3362165,27253484923,19102517
412,10,택시 운송업,5047650,930.0,54,55,1911300,50474
413,10,"피자, 햄버거, 샌드위치 및 유사 음식점업",986050660,182520.0,338116,364827,4933545744,9860018
414,10,한식 음식점업,1961400290,365750.0,2568983,2740316,117922058545,19613031
415,10,호텔업,237732480,45620.0,46464,52632,17815286694,2377207
416,10,화장품 및 방향제 소매업,571922240,108020.0,61171,66794,3442835840,5718939
417,10,휴양콘도 운영업,255900080,48620.0,51985,62813,6986110111,2558874
418,11,건강보조식품 소매업,251861128,49780.0,6118,6439,2224762341,2518474
419,11,골프장 운영업,214723504,44810.0,96526,103707,19252530003,2147118
420,11,과실 및 채소 소매업,1200379628,240090.0,125176,138146,11212260043,12003142
421,11,관광 민예품 및 선물용품 소매업,612705596,112200.0,70855,77645,3474745852,6126722
422,11,그외 기타 분류안된 오락관련 서비스업,22000499,3550.0,417,433,14882825,219993
423,11,그외 기타 스포츠시설 운영업,87988696,16710.0,2577,2755,202311700,879839
424,11,그외 기타 종합 소매업,240962934,44690.0,126124,153482,10868021970,2409498
425,11,기타 갬블링 및 베팅업,605433,0.0,71,87,476300000,6054
426,11,기타 대형 종합 소매업,200399223,36450.0,346162,409089,20770876740,2003883
427,11,기타 수상오락 서비스업,27448696,4540.0,342,394,48789500,274472
428,11,기타 외국식 음식점업,761850325,150090.0,71916,75552,2683947308,7618088
429,11,기타 주점업,422994556,86110.0,26197,28066,5470073375,4229715
430,11,기타음식료품위주종합소매업,627425699,128300.0,275425,319775,12468152929,6273915
431,11,내항 여객 운송업,59938467,12260.0,25526,26634,970216600,599352
432,11,마사지업,40364500,7370.0,438,464,60284000,403623
433,11,면세점,103933365,18920.0,293317,439746,31386928645,1039277
434,11,버스 운송업,201711,0.0,7,8,17900000,2017
435,11,비알콜 음료점업,1170725011,219970.0,344792,378974,3829102601,11706612
436,11,빵 및 과자류 소매업,1184844081,227670.0,379301,408621,6387971115,11847795
437,11,서양식 음식점업,1442774439,272230.0,422593,461053,10906037391,14426958
438,11,수산물 소매업,853869241,170880.0,86231,95786,8426798143,8538227
439,11,슈퍼마켓,1528115292,291670.0,1338960,1619627,45926246153,15280320
440,11,스포츠 및 레크레이션 용품 임대업,823801802,159670.0,103143,112929,14385058134,8237569
441,11,여관업,713608496,136330.0,109247,124551,15205635145,7135696
442,11,여행사업,168712596,30520.0,9243,9708,2593340249,1687034
443,11,욕탕업,542693079,109060.0,37477,41140,837990742,5426635
444,11,육류 소매업,813910363,164480.0,78347,85074,6690135157,8138660
445,11,일반유흥 주점업,410890396,80790.0,50730,55840,12592721392,4108680
446,11,일식 음식점업,1034901708,205120.0,136310,140043,11472557114,10348453
447,11,자동차 임대업,228451052,43440.0,57658,58305,4177305768,2284386
448,11,전시 및 행사 대행업,511604585,95020.0,111134,126216,5144762130,5115767
449,11,정기 항공 운송업,29665717,5420.0,91594,94389,14024914808,296641
450,11,중식 음식점업,1111383677,217480.0,146054,154279,4579162058,11113231
451,11,차량용 가스 충전업,576578727,119620.0,45272,47377,2766406920,5765473
452,11,차량용 주유소 운영업,1271611011,257960.0,789197,840900,49477755760,12715417
453,11,체인화 편의점,1857688755,344070.0,2604824,3026065,24678100639,18575875
454,11,택시 운송업,5855119,940.0,59,59,673600,58548
455,11,"피자, 햄버거, 샌드위치 및 유사 음식점업",954377619,176070.0,302734,327208,4407510392,9543256
456,11,한식 음식점업,1905516862,355520.0,2462215,2646407,114785604413,19054130
457,11,호텔업,227037775,44650.0,42909,49114,16950741051,2270254
458,11,화장품 및 방향제 소매업,573944584,109000.0,59358,64699,3442199410,5739133
459,11,휴양콘도 운영업,241167845,47220.0,44342,52679,6329082649,2411547
460,12,건강보조식품 소매업,247825936,47870.0,6109,6501,2694157386,2478112
461,12,골프장 운영업,201608188,42800.0,73810,78952,13326727150,2015962
462,12,과실 및 채소 소매업,1174762852,231540.0,109842,120373,9849345798,11746930
463,12,관광 민예품 및 선물용품 소매업,585267000,107570.0,60901,66080,2798276597,5852322
464,12,그외 기타 분류안된 오락관련 서비스업,21395672,3510.0,421,434,13998135,213944
465,12,그외 기타 스포츠시설 운영업,83550468,15360.0,1820,1965,131610300,835455
466,12,그외 기타 종합 소매업,240760716,44610.0,126764,153643,11156918845,2407464
467,12,기타 갬블링 및 베팅업,1009060,0.0,31,37,226000000,10090
468,12,기타 대형 종합 소매업,200600428,36590.0,368278,433172,22671983010,2005885
469,12,기타 수상오락 서비스업,18770516,3090.0,232,266,33246300,187694
470,12,기타 외국식 음식점업,785466904,154540.0,79212,83004,3092228490,7854202
471,12,기타 주점업,428846800,87510.0,29525,31673,6298032898,4288213
472,12,기타음식료품위주종합소매업,625812112,127510.0,286370,331724,13571246050,6257749
473,12,내항 여객 운송업,53884904,10620.0,19424,20274,651943000,538817
474,12,마사지업,37740444,7060.0,451,489,67751600,377382
475,12,면세점,107566596,19420.0,248327,370914,26581707731,1075602
476,12,버스 운송업,201712,0.0,4,4,3085000,2017
477,12,비알콜 음료점업,1172545420,219350.0,345566,378246,3937703280,11724757
478,12,빵 및 과자류 소매업,1170726612,224430.0,396098,425093,6920712984,11706570
479,12,서양식 음식점업,1454685996,272130.0,442480,480162,11965004989,14545995
480,12,수산물 소매업,825218468,163710.0,84666,93520,8545182276,8251694
481,12,슈퍼마켓,1522474928,289150.0,1345408,1611208,48084156161,15223844
482,12,스포츠 및 레크레이션 용품 임대업,760841940,146040.0,92662,101193,14021983285,7607967
483,12,여관업,706346200,133240.0,112832,129199,15288437447,7063042
484,12,여행사업,153576832,26840.0,9125,9465,1941499704,1535677
485,12,욕탕업,574783976,114190.0,48179,52839,1148020629,5747498
486,12,육류 소매업,815533192,164750.0,82644,89656,7196484199,8154847
487,12,일반유흥 주점업,417750940,81200.0,55420,60971,13335838944,4177261
488,12,일식 음식점업,1026640044,199730.0,136844,140442,11269434432,10265790
489,12,자동차 임대업,221990100,41690.0,60708,61423,4943273947,2219769
490,12,전시 및 행사 대행업,512214256,94150.0,107317,120124,4068665231,5121838
491,12,정기 항공 운송업,31078948,5820.0,91289,93220,15145438936,310771
492,12,중식 음식점업,1117242732,217880.0,151754,159734,5032672891,11171763
493,12,차량용 가스 충전업,606242948,127160.0,52842,55301,3435855236,6062069
494,12,차량용 주유소 운영업,1279088056,257840.0,816262,876713,53821361195,12790120
495,12,체인화 편의점,1848015384,341730.0,2536916,2921351,24376289091,18479055
496,12,택시 운송업,12922368,2570.0,144,147,1406280,129216
497,12,"피자, 햄버거, 샌드위치 및 유사 음식점업",960030484,176800.0,318915,343174,4914319414,9599734
498,12,한식 음식점업,1895439904,353240.0,2498961,2675745,119420134072,18953272
499,12,호텔업,226434064,44460.0,46567,53342,18530139493,2264206
500,12,화장품 및 방향제 소매업,553968340,105130.0,55543,60489,3332289747,5539354
501,12,휴양콘도 운영업,235314692,45560.0,38538,45624,5497988579,2353007
