행정구역(읍면동)별,세대및인구별,항목,단위,2011 년,2012 년,2013 년,2014 년,2015 년,2016 년,2017 년,2018 년
제주시,세대수,읍면동별 세대및 인구,세대,165494,168658,173370,179090,185874,192353,198454,204621
제주시,인구,읍면동별 세대및 인구,명,427593,435413,445457,458325,470778,483325,492401,501791
제주시,남,읍면동별 세대및 인구,,213503,217733,222953,229687,236068,242674,247814,252697
제주시,여,읍면동별 세대및 인구,,214090,217680,222504,228638,234710,240651,244587,249094
제주시,한국인,읍면동별 세대및 인구,,422790,429656,438165,448834,459876,470665,478700,485946
제주시,남,읍면동별 세대및 인구,,210873,214588,219029,224581,230223,235977,240465,243974
제주시,여,읍면동별 세대및 인구,,211917,215068,219136,224253,229653,234688,238235,241972
제주시,외국인,읍면동별 세대및 인구,,4803,5757,7292,9491,10902,12660,13701,15845
제주시,남,읍면동별 세대및 인구,,2630,3145,3924,5106,5845,6697,7349,8723
제주시,여,읍면동별 세대및 인구,,2173,2612,3368,4385,5057,5963,6352,7122
제주시,65세 이상 고령자,읍면동별 세대및 인구,명,47821,50199,52482,54534,56914,59159,61653,63813
한림읍,세대수,읍면동별 세대및 인구,세대,8327,8425,8630,8859,9072,9533,9848,10204
한림읍,인구,읍면동별 세대및 인구,명,19994,20509,21541,22450,22972,23851,24389,25003
한림읍,남,읍면동별 세대및 인구,,10495,10778,11311,11859,12191,12669,12990,13337
한림읍,여,읍면동별 세대및 인구,,9499,9731,10230,10591,10781,11182,11399,11666
한림읍,한국인,읍면동별 세대및 인구,,19376,19444,19579,19643,19827,20461,20867,21309
한림읍,남,읍면동별 세대및 인구,,10004,10041,10101,10154,10275,10588,10810,10990
한림읍,여,읍면동별 세대및 인구,,9372,9403,9478,9489,9552,9873,10057,10319
한림읍,외국인,읍면동별 세대및 인구,,618,1065,1962,2807,3145,3390,3522,3694
한림읍,남,읍면동별 세대및 인구,,491,737,1210,1705,1916,2081,2180,2347
한림읍,여,읍면동별 세대및 인구,,127,328,752,1102,1229,1309,1342,1347
한림읍,65세 이상 고령자,읍면동별 세대및 인구,명,3560,3635,3756,3836,3909,4070,4174,4279
애월읍,세대수,읍면동별 세대및 인구,세대,11649,11868,12147,12342,13018,13667,14692,15563
애월읍,인구,읍면동별 세대및 인구,명,29061,29448,29646,30153,31560,32897,35004,36550
애월읍,남,읍면동별 세대및 인구,,14827,15041,15206,15510,16206,16957,18092,18902
애월읍,여,읍면동별 세대및 인구,,14234,14407,14440,14643,15354,15940,16912,17648
애월읍,한국인,읍면동별 세대및 인구,,28584,28985,29134,29613,30944,32162,34051,35451
애월읍,남,읍면동별 세대및 인구,,14607,14814,14953,15216,15876,16573,17608,18354
애월읍,여,읍면동별 세대및 인구,,13977,14171,14181,14397,15068,15589,16443,17097
애월읍,외국인,읍면동별 세대및 인구,,477,463,512,540,616,735,953,1099
애월읍,남,읍면동별 세대및 인구,,220,227,253,294,330,384,484,548
애월읍,여,읍면동별 세대및 인구,,257,236,259,246,286,351,469,551
애월읍,65세 이상 고령자,읍면동별 세대및 인구,명,4701,4908,5016,5111,5362,5497,5661,5831
구좌읍,세대수,읍면동별 세대및 인구,세대,6189,6260,6374,6660,6889,7215,7466,7670
구좌읍,인구,읍면동별 세대및 인구,명,14810,14688,14569,14984,15175,15533,16045,16283
구좌읍,남,읍면동별 세대및 인구,,7497,7461,7446,7645,7778,7965,8307,8444
구좌읍,여,읍면동별 세대및 인구,,7313,7227,7123,7339,7397,7568,7738,7839
구좌읍,한국인,읍면동별 세대및 인구,,14570,14424,14275,14600,14746,15065,15504,15670
구좌읍,남,읍면동별 세대및 인구,,7348,7290,7249,7390,7481,7642,7946,8026
구좌읍,여,읍면동별 세대및 인구,,7222,7134,7026,7210,7265,7423,7558,7644
구좌읍,외국인,읍면동별 세대및 인구,,240,264,294,384,429,468,541,613
구좌읍,남,읍면동별 세대및 인구,,149,171,197,255,297,323,361,418
구좌읍,여,읍면동별 세대및 인구,,91,93,97,129,132,145,180,195
구좌읍,65세 이상 고령자,읍면동별 세대및 인구,명,3427,3467,3519,3606,3631,3650,3712,3765
조천읍,세대수,읍면동별 세대및 인구,세대,8133,8137,8160,8375,8746,9279,10019,10538
조천읍,인구,읍면동별 세대및 인구,명,21010,20763,20618,20782,21463,22444,23812,24718
조천읍,남,읍면동별 세대및 인구,,10774,10684,10644,10746,11063,11564,12280,12784
조천읍,여,읍면동별 세대및 인구,,10236,10079,9974,10036,10400,10880,11532,11934
조천읍,한국인,읍면동별 세대및 인구,,20752,20528,20352,20446,21065,21991,23299,24106
조천읍,남,읍면동별 세대및 인구,,10645,10555,10490,10545,10829,11309,11998,12431
조천읍,여,읍면동별 세대및 인구,,10107,9973,9862,9901,10236,10682,11301,11675
조천읍,외국인,읍면동별 세대및 인구,,258,235,266,336,398,453,513,612
조천읍,남,읍면동별 세대및 인구,,129,129,154,201,234,255,282,353
조천읍,여,읍면동별 세대및 인구,,129,106,112,135,164,198,231,259
조천읍,65세 이상 고령자,읍면동별 세대및 인구,명,3438,3557,3684,3786,3874,3993,4210,4316
한경면,세대수,읍면동별 세대및 인구,세대,3661,3712,3833,3938,4114,4272,4461,4657
한경면,인구,읍면동별 세대및 인구,명,8220,8247,8365,8543,8745,9000,9239,9447
한경면,남,읍면동별 세대및 인구,,4134,4154,4224,4331,4474,4606,4711,4834
한경면,여,읍면동별 세대및 인구,,4086,4093,4141,4212,4271,4394,4528,4613
한경면,한국인,읍면동별 세대및 인구,,8089,8105,8194,8331,8516,8745,8930,9089
한경면,남,읍면동별 세대및 인구,,4057,4059,4103,4187,4309,4420,4495,4582
한경면,여,읍면동별 세대및 인구,,4032,4046,4091,4144,4207,4325,4435,4507
한경면,외국인,읍면동별 세대및 인구,,131,142,171,212,229,255,309,358
한경면,남,읍면동별 세대및 인구,,77,95,121,144,165,186,216,252
한경면,여,읍면동별 세대및 인구,,54,47,50,68,64,69,93,106
한경면,65세 이상 고령자,읍면동별 세대및 인구,명,2102,2148,2216,2236,2279,2333,2374,2420
추자면,세대수,읍면동별 세대및 인구,세대,1228,1193,1176,1133,1134,1093,1088,1049
추자면,인구,읍면동별 세대및 인구,명,2762,2674,2596,2471,2432,2308,2215,2149
추자면,남,읍면동별 세대및 인구,,1654,1607,1575,1531,1517,1439,1362,1308
추자면,여,읍면동별 세대및 인구,,1108,1067,1021,940,915,869,853,841
추자면,한국인,읍면동별 세대및 인구,,2401,2303,2207,2063,2022,1906,1862,1804
추자면,남,읍면동별 세대및 인구,,1313,1260,1211,1140,1120,1048,1020,979
추자면,여,읍면동별 세대및 인구,,1088,1043,996,923,902,858,842,825
추자면,외국인,읍면동별 세대및 인구,,361,371,389,408,410,402,353,345
추자면,남,읍면동별 세대및 인구,,341,347,364,391,397,391,342,329
추자면,여,읍면동별 세대및 인구,,20,24,25,17,13,11,11,16
추자면,65세 이상 고령자,읍면동별 세대및 인구,명,522,538,554,554,577,577,598,589
우도면,세대수,읍면동별 세대및 인구,세대,737,778,788,828,896,949,1027,999
우도면,인구,읍면동별 세대및 인구,명,1572,1617,1639,1667,1730,1813,1903,1892
우도면,남,읍면동별 세대및 인구,,774,823,843,837,884,961,1007,1005
우도면,여,읍면동별 세대및 인구,,798,794,796,830,846,852,896,887
우도면,한국인,읍면동별 세대및 인구,,1556,1601,1622,1646,1710,1788,1871,1852
우도면,남,읍면동별 세대및 인구,,765,812,832,825,875,948,991,984
우도면,여,읍면동별 세대및 인구,,791,789,790,821,835,840,880,868
우도면,외국인,읍면동별 세대및 인구,,16,16,17,21,20,25,32,40
우도면,남,읍면동별 세대및 인구,,9,11,11,12,9,13,16,21
우도면,여,읍면동별 세대및 인구,,7,5,6,9,11,12,16,19
우도면,65세 이상 고령자,읍면동별 세대및 인구,명,392,398,407,411,411,422,430,420
일도1동,세대수,읍면동별 세대및 인구,세대,1942,1943,1901,1863,1842,1803,1722,1623
일도1동,인구,읍면동별 세대및 인구,명,3829,3867,3698,3576,3475,3346,3191,2993
일도1동,남,읍면동별 세대및 인구,,1925,1934,1872,1809,1804,1734,1660,1583
일도1동,여,읍면동별 세대및 인구,,1904,1933,1826,1767,1671,1612,1531,1410
일도1동,한국인,읍면동별 세대및 인구,,3798,3829,3655,3527,3417,3281,3100,2884
일도1동,남,읍면동별 세대및 인구,,1911,1921,1852,1787,1777,1700,1608,1517
일도1동,여,읍면동별 세대및 인구,,1887,1908,1803,1740,1640,1581,1492,1367
일도1동,외국인,읍면동별 세대및 인구,,31,38,43,49,58,65,91,109
일도1동,남,읍면동별 세대및 인구,,14,13,20,22,27,34,52,66
일도1동,여,읍면동별 세대및 인구,,17,25,23,27,31,31,39,43
일도1동,65세 이상 고령자,읍면동별 세대및 인구,명,589,589,609,609,624,653,651,672
일도2동,세대수,읍면동별 세대및 인구,세대,13187,13317,13234,13179,13277,13230,13251,13187
일도2동,인구,읍면동별 세대및 인구,명,37691,37618,36884,36583,36684,36013,35516,34684
일도2동,남,읍면동별 세대및 인구,,18511,18489,18156,17987,17955,17718,17388,16996
일도2동,여,읍면동별 세대및 인구,,19180,19129,18728,18596,18729,18295,18128,17688
일도2동,한국인,읍면동별 세대및 인구,,37531,37440,36687,36391,36481,35776,35242,34388
일도2동,남,읍면동별 세대및 인구,,18455,18425,18094,17924,17880,17635,17295,16893
일도2동,여,읍면동별 세대및 인구,,19076,19015,18593,18467,18601,18141,17947,17495
일도2동,외국인,읍면동별 세대및 인구,,160,178,197,192,203,237,274,296
일도2동,남,읍면동별 세대및 인구,,56,64,62,63,75,83,93,103
일도2동,여,읍면동별 세대및 인구,,104,114,135,129,128,154,181,193
일도2동,65세 이상 고령자,읍면동별 세대및 인구,명,3292,3538,3721,3896,4093,4265,4492,4632
이도1동,세대수,읍면동별 세대및 인구,세대,3362,3411,3401,3453,3528,3535,3640,3677
이도1동,인구,읍면동별 세대및 인구,명,7799,7899,7854,7999,8092,8024,8053,7989
이도1동,남,읍면동별 세대및 인구,,3826,3896,3869,3968,4023,3991,4016,3937
이도1동,여,읍면동별 세대및 인구,,3973,4003,3985,4031,4069,4033,4037,4052
이도1동,한국인,읍면동별 세대및 인구,,7730,7819,7769,7890,7987,7917,7929,7851
이도1동,남,읍면동별 세대및 인구,,3784,3856,3833,3929,3973,3941,3966,3884
이도1동,여,읍면동별 세대및 인구,,3946,3963,3936,3961,4014,3976,3963,3967
이도1동,외국인,읍면동별 세대및 인구,,69,80,85,109,105,107,124,138
이도1동,남,읍면동별 세대및 인구,,42,40,36,39,50,50,50,53
이도1동,여,읍면동별 세대및 인구,,27,40,49,70,55,57,74,85
이도1동,65세 이상 고령자,읍면동별 세대및 인구,명,984,1053,1062,1091,1160,1205,1256,1285
이도2동,세대수,읍면동별 세대및 인구,세대,16196,17411,18089,18763,19358,19462,19496,19526
이도2동,인구,읍면동별 세대및 인구,명,45510,48661,49930,51167,52001,51667,51037,50137
이도2동,남,읍면동별 세대및 인구,,22058,23580,24219,24852,25280,25185,24935,24552
이도2동,여,읍면동별 세대및 인구,,23452,25081,25711,26315,26721,26482,26102,25585
이도2동,한국인,읍면동별 세대및 인구,,45315,48420,49630,50758,51565,51173,50467,49456
이도2동,남,읍면동별 세대및 인구,,21990,23498,24119,24713,25132,24992,24717,24256
이도2동,여,읍면동별 세대및 인구,,23325,24922,25511,26045,26433,26181,25750,25200
이도2동,외국인,읍면동별 세대및 인구,,195,241,300,409,436,494,570,681
이도2동,남,읍면동별 세대및 인구,,68,82,100,139,148,193,218,296
이도2동,여,읍면동별 세대및 인구,,127,159,200,270,288,301,352,385
이도2동,65세 이상 고령자,읍면동별 세대및 인구,명,3520,3826,4055,4249,4461,4732,4900,5077
삼도1동,세대수,읍면동별 세대및 인구,세대,5532,5648,5742,5814,5911,6040,6033,5952
삼도1동,인구,읍면동별 세대및 인구,명,14202,14530,14687,14856,14797,14956,14657,14345
삼도1동,남,읍면동별 세대및 인구,,6916,7081,7167,7234,7202,7321,7153,7028
삼도1동,여,읍면동별 세대및 인구,,7286,7449,7520,7622,7595,7635,7504,7317
삼도1동,한국인,읍면동별 세대및 인구,,14153,14462,14616,14756,14684,14830,14519,14190
삼도1동,남,읍면동별 세대및 인구,,6907,7064,7142,7192,7160,7270,7096,6951
삼도1동,여,읍면동별 세대및 인구,,7246,7398,7474,7564,7524,7560,7423,7239
삼도1동,외국인,읍면동별 세대및 인구,,49,68,71,100,113,126,138,155
삼도1동,남,읍면동별 세대및 인구,,9,17,25,42,42,51,57,77
삼도1동,여,읍면동별 세대및 인구,,40,51,46,58,71,75,81,78
삼도1동,65세 이상 고령자,읍면동별 세대및 인구,명,1733,1852,1979,2051,2136,2213,2261,2341
삼도2동,세대수,읍면동별 세대및 인구,세대,4565,4512,4433,4370,4433,4337,4282,4161
삼도2동,인구,읍면동별 세대및 인구,명,9811,9641,9415,9250,9282,9136,8937,8662
삼도2동,남,읍면동별 세대및 인구,,4928,4862,4783,4761,4775,4755,4634,4529
삼도2동,여,읍면동별 세대및 인구,,4883,4779,4632,4489,4507,4381,4303,4133
삼도2동,한국인,읍면동별 세대및 인구,,9714,9543,9280,9095,9123,8943,8717,8397
삼도2동,남,읍면동별 세대및 인구,,4864,4798,4701,4670,4681,4641,4501,4374
삼도2동,여,읍면동별 세대및 인구,,4850,4745,4579,4425,4442,4302,4216,4023
삼도2동,외국인,읍면동별 세대및 인구,,97,98,135,155,159,193,220,265
삼도2동,남,읍면동별 세대및 인구,,64,64,82,91,94,114,133,155
삼도2동,여,읍면동별 세대및 인구,,33,34,53,64,65,79,87,110
삼도2동,65세 이상 고령자,읍면동별 세대및 인구,명,1246,1291,1335,1395,1448,1453,1464,1450
용담1동,세대수,읍면동별 세대및 인구,세대,3804,3745,3794,3749,3789,3711,3684,3543
용담1동,인구,읍면동별 세대및 인구,명,8792,8578,8525,8408,8411,8066,7927,7610
용담1동,남,읍면동별 세대및 인구,,4435,4353,4347,4269,4255,4121,4089,3919
용담1동,여,읍면동별 세대및 인구,,4357,4225,4178,4139,4156,3945,3838,3691
용담1동,한국인,읍면동별 세대및 인구,,8755,8531,8487,8368,8363,8003,7843,7527
용담1동,남,읍면동별 세대및 인구,,4419,4336,4337,4259,4238,4095,4052,3880
용담1동,여,읍면동별 세대및 인구,,4336,4195,4150,4109,4125,3908,3791,3647
용담1동,외국인,읍면동별 세대및 인구,,37,47,38,40,48,63,84,83
용담1동,남,읍면동별 세대및 인구,,16,17,10,10,17,26,37,39
용담1동,여,읍면동별 세대및 인구,,21,30,28,30,31,37,47,44
용담1동,65세 이상 고령자,읍면동별 세대및 인구,명,1086,1139,1195,1245,1306,1305,1373,1379
용담2동,세대수,읍면동별 세대및 인구,세대,6698,6634,6621,6611,6580,6538,6498,6456
용담2동,인구,읍면동별 세대및 인구,명,17176,17243,17032,16954,16773,16453,16027,15673
용담2동,남,읍면동별 세대및 인구,,8643,8635,8577,8544,8452,8294,8094,7904
용담2동,여,읍면동별 세대및 인구,,8533,8608,8455,8410,8321,8159,7933,7769
용담2동,한국인,읍면동별 세대및 인구,,17093,17153,16916,16810,16594,16209,15821,15426
용담2동,남,읍면동별 세대및 인구,,8619,8609,8540,8498,8397,8214,8023,7820
용담2동,여,읍면동별 세대및 인구,,8474,8544,8376,8312,8197,7995,7798,7606
용담2동,외국인,읍면동별 세대및 인구,,83,90,116,144,179,244,206,247
용담2동,남,읍면동별 세대및 인구,,24,26,37,46,55,80,71,84
용담2동,여,읍면동별 세대및 인구,,59,64,79,98,124,164,135,163
용담2동,65세 이상 고령자,읍면동별 세대및 인구,명,2083,2213,2321,2399,2478,2533,2623,2692
건입동,세대수,읍면동별 세대및 인구,세대,4434,4453,4393,4322,4328,4361,4345,4235
건입동,인구,읍면동별 세대및 인구,명,10904,10887,10573,10436,10310,10209,10085,9857
건입동,남,읍면동별 세대및 인구,,5507,5557,5428,5372,5350,5291,5237,5103
건입동,여,읍면동별 세대및 인구,,5397,5330,5145,5064,4960,4918,4848,4754
건입동,한국인,읍면동별 세대및 인구,,10802,10759,10435,10257,10112,9995,9867,9610
건입동,남,읍면동별 세대및 인구,,5447,5481,5336,5247,5211,5157,5097,4951
건입동,여,읍면동별 세대및 인구,,5355,5278,5099,5010,4901,4838,4770,4659
건입동,외국인,읍면동별 세대및 인구,,102,128,138,179,198,214,218,247
건입동,남,읍면동별 세대및 인구,,60,76,92,125,139,134,140,152
건입동,여,읍면동별 세대및 인구,,42,52,46,54,59,80,78,95
건입동,65세 이상 고령자,읍면동별 세대및 인구,명,1315,1367,1428,1489,1587,1629,1739,1777
화북동,세대수,읍면동별 세대및 인구,세대,8065,8093,8392,9113,9409,9454,9509,9542
화북동,인구,읍면동별 세대및 인구,명,23224,23299,23973,25732,26318,26028,25807,25391
화북동,남,읍면동별 세대및 인구,,11637,11665,11954,12841,13200,13018,12897,12686
화북동,여,읍면동별 세대및 인구,,11587,11634,12019,12891,13118,13010,12910,12705
화북동,한국인,읍면동별 세대및 인구,,23097,23170,23802,25540,26050,25710,25448,24985
화북동,남,읍면동별 세대및 인구,,11581,11608,11884,12751,13046,12835,12684,12458
화북동,여,읍면동별 세대및 인구,,11516,11562,11918,12789,13004,12875,12764,12527
화북동,외국인,읍면동별 세대및 인구,,127,129,171,192,268,318,359,406
화북동,남,읍면동별 세대및 인구,,56,57,70,90,154,183,213,228
화북동,여,읍면동별 세대및 인구,,71,72,101,102,114,135,146,178
화북동,65세 이상 고령자,읍면동별 세대및 인구,명,1905,2014,2110,2298,2407,2519,2628,2734
삼양동,세대수,읍면동별 세대및 인구,세대,3973,4042,4438,5572,6449,8041,8471,9273
삼양동,인구,읍면동별 세대및 인구,명,11077,11212,12335,15067,17369,21795,22981,25153
삼양동,남,읍면동별 세대및 인구,,5600,5654,6203,7664,8824,10971,11591,12600
삼양동,여,읍면동별 세대및 인구,,5477,5558,6132,7403,8545,10824,11390,12553
삼양동,한국인,읍면동별 세대및 인구,,11008,11146,12244,14934,17235,21606,22740,24897
삼양동,남,읍면동별 세대및 인구,,5585,5642,6185,7615,8782,10914,11505,12511
삼양동,여,읍면동별 세대및 인구,,5423,5504,6059,7319,8453,10692,11235,12386
삼양동,외국인,읍면동별 세대및 인구,,69,66,91,133,134,189,241,256
삼양동,남,읍면동별 세대및 인구,,15,12,18,49,42,57,86,89
삼양동,여,읍면동별 세대및 인구,,54,54,73,84,92,132,155,167
삼양동,65세 이상 고령자,읍면동별 세대및 인구,명,1201,1268,1358,1524,1693,2022,2098,2262
봉개동,세대수,읍면동별 세대및 인구,세대,1213,1227,1230,1222,1280,1435,1652,2094
봉개동,인구,읍면동별 세대및 인구,명,3065,3085,3090,3092,3216,3537,3964,4936
봉개동,남,읍면동별 세대및 인구,,1617,1619,1628,1644,1731,1893,2111,2581
봉개동,여,읍면동별 세대및 인구,,1448,1466,1462,1448,1485,1644,1853,2355
봉개동,한국인,읍면동별 세대및 인구,,3034,3046,3051,3042,3160,3484,3885,4842
봉개동,남,읍면동별 세대및 인구,,1602,1599,1609,1613,1696,1863,2073,2538
봉개동,여,읍면동별 세대및 인구,,1432,1447,1442,1429,1464,1621,1812,2304
봉개동,외국인,읍면동별 세대및 인구,,31,39,39,50,56,53,79,94
봉개동,남,읍면동별 세대및 인구,,15,20,19,31,35,30,38,43
봉개동,여,읍면동별 세대및 인구,,16,19,20,19,21,23,41,51
봉개동,65세 이상 고령자,읍면동별 세대및 인구,명,564,577,590,594,607,620,664,777
아라동,세대수,읍면동별 세대및 인구,세대,5783,6210,7852,8507,9383,10733,11969,13337
아라동,인구,읍면동별 세대및 인구,명,14614,15852,20847,22642,24868,28127,31089,34321
아라동,남,읍면동별 세대및 인구,,7503,8097,10529,11399,12421,13993,15451,17082
아라동,여,읍면동별 세대및 인구,,7111,7755,10318,11243,12447,14134,15638,17239
아라동,한국인,읍면동별 세대및 인구,,14048,15206,20248,22009,24123,27295,30128,33099
아라동,남,읍면동별 세대및 인구,,7188,7734,10209,11079,12048,13595,14980,16475
아라동,여,읍면동별 세대및 인구,,6860,7472,10039,10930,12075,13700,15148,16624
아라동,외국인,읍면동별 세대및 인구,,566,646,599,633,745,832,961,1222
아라동,남,읍면동별 세대및 인구,,315,363,320,320,373,398,471,607
아라동,여,읍면동별 세대및 인구,,251,283,279,313,372,434,490,615
아라동,65세 이상 고령자,읍면동별 세대및 인구,명,1736,1812,2060,2177,2355,2498,2699,2868
오라동,세대수,읍면동별 세대및 인구,세대,2607,2724,3084,3455,3881,4516,5125,5565
오라동,인구,읍면동별 세대및 인구,명,6557,6972,7929,8910,10098,11987,13715,14906
오라동,남,읍면동별 세대및 인구,,3391,3576,4040,4541,5125,6032,6924,7541
오라동,여,읍면동별 세대및 인구,,3166,3396,3889,4369,4973,5955,6791,7365
오라동,한국인,읍면동별 세대및 인구,,6530,6948,7887,8854,10003,11822,13514,14673
오라동,남,읍면동별 세대및 인구,,3384,3569,4028,4522,5088,5967,6839,7426
오라동,여,읍면동별 세대및 인구,,3146,3379,3859,4332,4915,5855,6675,7247
오라동,외국인,읍면동별 세대및 인구,,27,24,42,56,95,165,201,233
오라동,남,읍면동별 세대및 인구,,7,7,12,19,37,65,85,115
오라동,여,읍면동별 세대및 인구,,20,17,30,37,58,100,116,118
오라동,65세 이상 고령자,읍면동별 세대및 인구,명,862,900,948,1012,1053,1105,1220,1289
연동,세대수,읍면동별 세대및 인구,세대,17618,17989,18284,18550,19132,19015,18983,19336
연동,인구,읍면동별 세대및 인구,명,42124,43276,43599,44008,44449,44089,43428,43217
연동,남,읍면동별 세대및 인구,,20422,21094,21204,21446,21662,21582,21382,21189
연동,여,읍면동별 세대및 인구,,21702,22182,22395,22562,22787,22507,22046,22028
연동,한국인,읍면동별 세대및 인구,,41653,42705,42882,42922,43148,42419,41810,41397
연동,남,읍면동별 세대및 인구,,20214,20856,20895,20993,21145,20889,20689,20352
연동,여,읍면동별 세대및 인구,,21439,21849,21987,21929,22003,21530,21121,21045
연동,외국인,읍면동별 세대및 인구,,471,571,717,1086,1301,1670,1618,1820
연동,남,읍면동별 세대및 인구,,208,238,309,453,517,693,693,837
연동,여,읍면동별 세대및 인구,,263,333,408,633,784,977,925,983
연동,65세 이상 고령자,읍면동별 세대및 인구,명,2565,2811,3020,3150,3318,3450,3693,3875
노형동,세대수,읍면동별 세대및 인구,세대,18256,18438,18523,19258,19853,20051,20419,21026
노형동,인구,읍면동별 세대및 인구,명,51184,51738,52133,53867,54715,55039,55021,56223
노형동,남,읍면동별 세대및 인구,,24985,25346,25538,26343,26772,26981,27141,27761
노형동,여,읍면동별 세대및 인구,,26199,26392,26595,27524,27943,28058,27880,28462
노형동,한국인,읍면동별 세대및 인구,,50702,51124,51406,52861,53491,53524,53433,54002
노형동,남,읍면동별 세대및 인구,,24774,25070,25195,25859,26198,26285,26333,26551
노형동,여,읍면동별 세대및 인구,,25928,26054,26211,27002,27293,27239,27100,27451
노형동,외국인,읍면동별 세대및 인구,,482,614,727,1006,1224,1515,1588,2221
노형동,남,읍면동별 세대및 인구,,211,276,343,484,574,696,808,1210
노형동,여,읍면동별 세대및 인구,,271,338,384,522,650,819,780,1011
노형동,65세 이상 고령자,읍면동별 세대및 인구,명,2967,3115,3264,3462,3675,3830,4024,4244
외도동,세대수,읍면동별 세대및 인구,세대,5641,5814,6155,6441,6829,7293,7788,8167
외도동,인구,읍면동별 세대및 인구,명,15724,16239,17047,17791,18859,19869,20964,21741
외도동,남,읍면동별 세대및 인구,,7837,8152,8587,8982,9507,9953,10519,10952
외도동,여,읍면동별 세대및 인구,,7887,8087,8460,8809,9352,9916,10445,10789
외도동,한국인,읍면동별 세대및 인구,,15665,16165,16961,17677,18699,19675,20697,21445
외도동,남,읍면동별 세대및 인구,,7812,8119,8555,8941,9438,9873,10405,10825
외도동,여,읍면동별 세대및 인구,,7853,8046,8406,8736,9261,9802,10292,10620
외도동,외국인,읍면동별 세대및 인구,,59,74,86,114,160,194,267,296
외도동,남,읍면동별 세대및 인구,,25,33,32,41,69,80,114,127
외도동,여,읍면동별 세대및 인구,,34,41,54,73,91,114,153,169
외도동,65세 이상 고령자,읍면동별 세대및 인구,명,1219,1322,1417,1480,1587,1651,1748,1831
이호동,세대수,읍면동별 세대및 인구,세대,1566,1559,1549,1559,1551,1546,1660,1829
이호동,인구,읍면동별 세대및 인구,명,4109,4068,4085,4055,4090,4116,4291,4654
이호동,남,읍면동별 세대및 인구,,2162,2141,2121,2083,2102,2092,2203,2402
이호동,여,읍면동별 세대및 인구,,1947,1927,1964,1972,1988,2024,2088,2252
이호동,한국인,읍면동별 세대및 인구,,4072,4021,4022,3969,3973,3967,4151,4495
이호동,남,읍면동별 세대및 인구,,2157,2130,2105,2060,2068,2039,2139,2324
이호동,여,읍면동별 세대및 인구,,1915,1891,1917,1909,1905,1928,2012,2171
이호동,외국인,읍면동별 세대및 인구,,37,47,63,86,117,149,140,159
이호동,남,읍면동별 세대및 인구,,5,11,16,23,34,53,64,78
이호동,여,읍면동별 세대및 인구,,32,36,47,63,83,96,76,81
이호동,65세 이상 고령자,읍면동별 세대및 인구,명,494,519,515,521,529,553,578,605
도두동,세대수,읍면동별 세대및 인구,세대,1128,1115,1147,1154,1192,1244,1326,1412
도두동,인구,읍면동별 세대및 인구,명,2772,2802,2847,2882,2894,3022,3104,3257
도두동,남,읍면동별 세대및 인구,,1445,1454,1482,1489,1515,1588,1640,1738
도두동,여,읍면동별 세대및 인구,,1327,1348,1365,1393,1379,1434,1464,1519
도두동,한국인,읍면동별 세대및 인구,,2762,2779,2824,2832,2838,2918,3005,3101
도두동,남,읍면동별 세대및 인구,,1441,1442,1471,1472,1500,1544,1595,1642
도두동,여,읍면동별 세대및 인구,,1321,1337,1353,1360,1338,1374,1410,1459
도두동,외국인,읍면동별 세대및 인구,,10,23,23,50,56,104,99,156
도두동,남,읍면동별 세대및 인구,,4,12,11,17,15,44,45,96
도두동,여,읍면동별 세대및 인구,,6,11,12,33,41,60,54,60
도두동,65세 이상 고령자,읍면동별 세대및 인구,명,318,342,343,352,354,381,383,403
서귀포시,세대수,읍면동별 세대및 인구,세대,62379,63483,65095,67426,71054,74619,79749,82483
서귀포시,인구,읍면동별 세대및 인구,명,155691,157036,159213,163225,170577,177865,186371,190241
서귀포시,남,읍면동별 세대및 인구,,78810,79611,80862,83014,86886,90666,94927,96929
서귀포시,여,읍면동별 세대및 인구,,76881,77425,78351,80211,83691,87199,91444,93312
서귀포시,한국인,읍면동별 세대및 인구,,153366,154057,155641,158512,164519,170932,178383,181245
서귀포시,남,읍면동별 세대및 인구,,77279,77625,78475,80075,83205,86568,90358,91745
서귀포시,여,읍면동별 세대및 인구,,76087,76432,77166,78437,81314,84364,88025,89500
서귀포시,외국인,읍면동별 세대및 인구,,2325,2979,3572,4713,6058,6933,7988,8996
서귀포시,남,읍면동별 세대및 인구,,1531,1986,2387,2939,3681,4098,4569,5184
서귀포시,여,읍면동별 세대및 인구,,794,993,1185,1774,2377,2835,3419,3812
서귀포시,65세 이상 고령자,읍면동별 세대및 인구,명,24863,25861,26973,27877,28979,30030,31464,32394
대정읍,세대수,읍면동별 세대및 인구,세대,7005,7109,7204,7516,8211,8805,9654,9924
대정읍,인구,읍면동별 세대및 인구,명,16963,17198,17390,18028,19560,20935,22564,23094
대정읍,남,읍면동별 세대및 인구,,8611,8645,8766,9139,9841,10467,11195,11431
대정읍,여,읍면동별 세대및 인구,,8352,8553,8624,8889,9719,10468,11369,11663
대정읍,한국인,읍면동별 세대및 인구,,16552,16574,16610,17118,18492,19685,21045,21364
대정읍,남,읍면동별 세대및 인구,,8364,8309,8349,8624,9218,9736,10353,10468
대정읍,여,읍면동별 세대및 인구,,8188,8265,8261,8494,9274,9949,10692,10896
대정읍,외국인,읍면동별 세대및 인구,,411,624,780,910,1068,1250,1519,1730
대정읍,남,읍면동별 세대및 인구,,247,336,417,515,623,731,842,963
대정읍,여,읍면동별 세대및 인구,,164,288,363,395,445,519,677,767
대정읍,65세 이상 고령자,읍면동별 세대및 인구,명,3385,3462,3573,3635,3749,3847,4015,4100
남원읍,세대수,읍면동별 세대및 인구,세대,7040,7206,7332,7548,7812,8244,8370,8438
남원읍,인구,읍면동별 세대및 인구,명,18304,18285,18323,18529,19095,19680,19791,19778
남원읍,남,읍면동별 세대및 인구,,9355,9360,9397,9567,9876,10228,10246,10258
남원읍,여,읍면동별 세대및 인구,,8949,8925,8926,8962,9219,9452,9545,9520
남원읍,한국인,읍면동별 세대및 인구,,18101,18050,18047,18219,18650,19151,19160,19038
남원읍,남,읍면동별 세대및 인구,,9217,9195,9197,9343,9567,9855,9817,9751
남원읍,여,읍면동별 세대및 인구,,8884,8855,8850,8876,9083,9296,9343,9287
남원읍,외국인,읍면동별 세대및 인구,,203,235,276,310,445,529,631,740
남원읍,남,읍면동별 세대및 인구,,138,165,200,224,309,373,429,507
남원읍,여,읍면동별 세대및 인구,,65,70,76,86,136,156,202,233
남원읍,65세 이상 고령자,읍면동별 세대및 인구,명,3485,3610,3737,3821,3939,4060,4200,4297
성산읍,세대수,읍면동별 세대및 인구,세대,6213,6252,6399,6563,6861,7146,7515,7753
성산읍,인구,읍면동별 세대및 인구,명,14427,14364,14482,14649,15710,16339,16864,17180
성산읍,남,읍면동별 세대및 인구,,7566,7562,7664,7795,8403,8698,8991,9212
성산읍,여,읍면동별 세대및 인구,,6861,6802,6818,6854,7307,7641,7873,7968
성산읍,한국인,읍면동별 세대및 인구,,13945,13828,13853,13879,14388,14857,15287,15450
성산읍,남,읍면동별 세대및 인구,,7153,7106,7132,7166,7484,7725,7970,8083
성산읍,여,읍면동별 세대및 인구,,6792,6722,6721,6713,6904,7132,7317,7367
성산읍,외국인,읍면동별 세대및 인구,,482,536,629,770,1322,1482,1577,1730
성산읍,남,읍면동별 세대및 인구,,413,456,532,629,919,973,1021,1129
성산읍,여,읍면동별 세대및 인구,,69,80,97,141,403,509,556,601
성산읍,65세 이상 고령자,읍면동별 세대및 인구,명,2826,2892,2988,3070,3137,3238,3342,3426
안덕면,세대수,읍면동별 세대및 인구,세대,3885,3968,4087,4221,4528,4779,5632,6033
안덕면,인구,읍면동별 세대및 인구,명,9772,10007,10056,9970,10382,10765,11858,12537
안덕면,남,읍면동별 세대및 인구,,4975,5208,5251,5154,5381,5592,6109,6457
안덕면,여,읍면동별 세대및 인구,,4797,4799,4805,4816,5001,5173,5749,6080
안덕면,한국인,읍면동별 세대및 인구,,9615,9642,9716,9770,10118,10416,11367,11867
안덕면,남,읍면동별 세대및 인구,,4895,4921,4986,5047,5239,5411,5871,6138
안덕면,여,읍면동별 세대및 인구,,4720,4721,4730,4723,4879,5005,5496,5729
안덕면,외국인,읍면동별 세대및 인구,,157,365,340,200,264,349,491,670
안덕면,남,읍면동별 세대및 인구,,80,287,265,107,142,181,238,319
안덕면,여,읍면동별 세대및 인구,,77,78,75,93,122,168,253,351
안덕면,65세 이상 고령자,읍면동별 세대및 인구,명,1973,2026,2068,2088,2140,2215,2264,2314
표선면,세대수,읍면동별 세대및 인구,세대,4572,4634,4787,4906,5142,5296,5736,5922
표선면,인구,읍면동별 세대및 인구,명,10932,10983,11121,11442,11765,12083,12650,12824
표선면,남,읍면동별 세대및 인구,,5568,5587,5674,5849,6035,6216,6534,6647
표선면,여,읍면동별 세대및 인구,,5364,5396,5447,5593,5730,5867,6116,6177
표선면,한국인,읍면동별 세대및 인구,,10748,10783,10890,11148,11433,11689,12220,12374
표선면,남,읍면동별 세대및 인구,,5440,5456,5526,5655,5822,5970,6259,6360
표선면,여,읍면동별 세대및 인구,,5308,5327,5364,5493,5611,5719,5961,6014
표선면,외국인,읍면동별 세대및 인구,,184,200,231,294,332,394,430,450
표선면,남,읍면동별 세대및 인구,,128,131,148,194,213,246,275,287
표선면,여,읍면동별 세대및 인구,,56,69,83,100,119,148,155,163
표선면,65세 이상 고령자,읍면동별 세대및 인구,명,1844,1920,2010,2121,2228,2253,2378,2491
송산동,세대수,읍면동별 세대및 인구,세대,2147,2142,2143,2143,2159,2095,2060,2088
송산동,인구,읍면동별 세대및 인구,명,5174,5160,5210,5130,5216,5032,5001,5027
송산동,남,읍면동별 세대및 인구,,2789,2744,2817,2799,2831,2721,2723,2764
송산동,여,읍면동별 세대및 인구,,2385,2416,2393,2331,2385,2311,2278,2263
송산동,한국인,읍면동별 세대및 인구,,4979,4956,4908,4813,4831,4645,4474,4417
송산동,남,읍면동별 세대및 인구,,2623,2574,2569,2529,2520,2412,2354,2330
송산동,여,읍면동별 세대및 인구,,2356,2382,2339,2284,2311,2233,2120,2087
송산동,외국인,읍면동별 세대및 인구,,195,204,302,317,385,387,527,610
송산동,남,읍면동별 세대및 인구,,166,170,248,270,311,309,369,434
송산동,여,읍면동별 세대및 인구,,29,34,54,47,74,78,158,176
송산동,65세 이상 고령자,읍면동별 세대및 인구,명,771,795,828,858,898,917,936,959
정방동,세대수,읍면동별 세대및 인구,세대,1525,1505,1509,1488,1541,1498,1414,1342
정방동,인구,읍면동별 세대및 인구,명,2947,2900,2856,2779,2806,2710,2551,2444
정방동,남,읍면동별 세대및 인구,,1450,1462,1452,1392,1407,1395,1319,1254
정방동,여,읍면동별 세대및 인구,,1497,1438,1404,1387,1399,1315,1232,1190
정방동,한국인,읍면동별 세대및 인구,,2910,2871,2804,2717,2745,2641,2456,2333
정방동,남,읍면동별 세대및 인구,,1438,1451,1428,1359,1379,1361,1271,1189
정방동,여,읍면동별 세대및 인구,,1472,1420,1376,1358,1366,1280,1185,1144
정방동,외국인,읍면동별 세대및 인구,,37,29,52,62,61,69,95,111
정방동,남,읍면동별 세대및 인구,,12,11,24,33,28,34,48,65
정방동,여,읍면동별 세대및 인구,,25,18,28,29,33,35,47,46
정방동,65세 이상 고령자,읍면동별 세대및 인구,명,425,439,442,455,465,478,479,481
중앙동,세대수,읍면동별 세대및 인구,세대,2218,2230,2275,2370,2313,2239,2133,2124
중앙동,인구,읍면동별 세대및 인구,명,4513,4460,4515,4591,4438,4315,4113,3984
중앙동,남,읍면동별 세대및 인구,,2150,2112,2152,2214,2114,2085,1957,1900
중앙동,여,읍면동별 세대및 인구,,2363,2348,2363,2377,2324,2230,2156,2084
중앙동,한국인,읍면동별 세대및 인구,,4478,4408,4463,4539,4383,4243,4003,3879
중앙동,남,읍면동별 세대및 인구,,2134,2089,2132,2192,2091,2053,1912,1855
중앙동,여,읍면동별 세대및 인구,,2344,2319,2331,2347,2292,2190,2091,2024
중앙동,외국인,읍면동별 세대및 인구,,35,52,52,52,55,72,110,105
중앙동,남,읍면동별 세대및 인구,,16,23,20,22,23,32,45,45
중앙동,여,읍면동별 세대및 인구,,19,29,32,30,32,40,65,60
중앙동,65세 이상 고령자,읍면동별 세대및 인구,명,635,671,692,717,742,747,754,785
천지동,세대수,읍면동별 세대및 인구,세대,1867,1929,1987,1978,1991,1932,1873,1921
천지동,인구,읍면동별 세대및 인구,명,3896,3973,4040,4037,3974,3875,3669,3688
천지동,남,읍면동별 세대및 인구,,1962,1992,2031,2051,2052,1984,1880,1880
천지동,여,읍면동별 세대및 인구,,1934,1981,2009,1986,1922,1891,1789,1808
천지동,한국인,읍면동별 세대및 인구,,3864,3940,3994,3977,3900,3798,3571,3570
천지동,남,읍면동별 세대및 인구,,1940,1972,2003,2012,2004,1943,1831,1816
천지동,여,읍면동별 세대및 인구,,1924,1968,1991,1965,1896,1855,1740,1754
천지동,외국인,읍면동별 세대및 인구,,32,33,46,60,74,77,98,118
천지동,남,읍면동별 세대및 인구,,22,20,28,39,48,41,49,64
천지동,여,읍면동별 세대및 인구,,10,13,18,21,26,36,49,54
천지동,65세 이상 고령자,읍면동별 세대및 인구,명,556,595,632,670,701,710,706,750
효돈동,세대수,읍면동별 세대및 인구,세대,1850,1844,1870,1909,2044,2128,2226,2262
효돈동,인구,읍면동별 세대및 인구,명,5096,5037,5019,4987,5167,5265,5401,5365
효돈동,남,읍면동별 세대및 인구,,2605,2562,2551,2556,2632,2687,2742,2740
효돈동,여,읍면동별 세대및 인구,,2491,2475,2468,2431,2535,2578,2659,2625
효돈동,한국인,읍면동별 세대및 인구,,5070,5005,4981,4936,5108,5193,5320,5278
효돈동,남,읍면동별 세대및 인구,,2591,2544,2524,2520,2594,2639,2694,2683
효돈동,여,읍면동별 세대및 인구,,2479,2461,2457,2416,2514,2554,2626,2595
효돈동,외국인,읍면동별 세대및 인구,,26,32,38,51,59,72,81,87
효돈동,남,읍면동별 세대및 인구,,14,18,27,36,38,48,48,57
효돈동,여,읍면동별 세대및 인구,,12,14,11,15,21,24,33,30
효돈동,65세 이상 고령자,읍면동별 세대및 인구,명,901,942,981,1016,1073,1109,1131,1162
영천동,세대수,읍면동별 세대및 인구,세대,2047,2082,2104,2125,2185,2216,2339,2430
영천동,인구,읍면동별 세대및 인구,명,5012,5016,5046,5043,5124,5134,5350,5478
영천동,남,읍면동별 세대및 인구,,2527,2544,2560,2550,2605,2633,2761,2811
영천동,여,읍면동별 세대및 인구,,2485,2472,2486,2493,2519,2501,2589,2667
영천동,한국인,읍면동별 세대및 인구,,4978,4980,4996,4977,5029,4997,5178,5292
영천동,남,읍면동별 세대및 인구,,2510,2528,2534,2510,2548,2549,2649,2687
영천동,여,읍면동별 세대및 인구,,2468,2452,2462,2467,2481,2448,2529,2605
영천동,외국인,읍면동별 세대및 인구,,34,36,50,66,95,137,172,186
영천동,남,읍면동별 세대및 인구,,17,16,26,40,57,84,112,124
영천동,여,읍면동별 세대및 인구,,17,20,24,26,38,53,60,62
영천동,65세 이상 고령자,읍면동별 세대및 인구,명,951,997,1048,1067,1105,1118,1152,1193
동홍동,세대수,읍면동별 세대및 인구,세대,7540,7653,7851,8050,8281,8488,8620,8933
동홍동,인구,읍면동별 세대및 인구,명,21191,21539,22082,23276,23850,24106,23954,24163
동홍동,남,읍면동별 세대및 인구,,10372,10603,10806,11351,11624,11759,11752,11880
동홍동,여,읍면동별 세대및 인구,,10819,10936,11276,11925,12226,12347,12202,12283
동홍동,한국인,읍면동별 세대및 인구,,21042,21379,21874,22225,22625,22806,22680,22885
동홍동,남,읍면동별 세대및 인구,,10283,10508,10678,10815,11002,11098,11121,11246
동홍동,여,읍면동별 세대및 인구,,10759,10871,11196,11410,11623,11708,11559,11639
동홍동,외국인,읍면동별 세대및 인구,,149,160,208,1051,1225,1300,1274,1278
동홍동,남,읍면동별 세대및 인구,,89,95,128,536,622,661,631,634
동홍동,여,읍면동별 세대및 인구,,60,65,80,515,603,639,643,644
동홍동,65세 이상 고령자,읍면동별 세대및 인구,명,1892,2044,2220,2317,2433,2535,2641,2744
서홍동,세대수,읍면동별 세대및 인구,세대,3395,3514,3709,3832,4021,4192,4240,4240
서홍동,인구,읍면동별 세대및 인구,명,8562,8896,9424,9627,10148,10666,10765,10697
서홍동,남,읍면동별 세대및 인구,,4310,4469,4742,4833,5089,5307,5370,5320
서홍동,여,읍면동별 세대및 인구,,4252,4427,4682,4794,5059,5359,5395,5377
서홍동,한국인,읍면동별 세대및 인구,,8499,8817,9352,9547,10034,10530,10629,10570
서홍동,남,읍면동별 세대및 인구,,4273,4418,4700,4789,5026,5246,5303,5261
서홍동,여,읍면동별 세대및 인구,,4226,4399,4652,4758,5008,5284,5326,5309
서홍동,외국인,읍면동별 세대및 인구,,63,79,72,80,114,136,136,127
서홍동,남,읍면동별 세대및 인구,,37,51,42,44,63,61,67,59
서홍동,여,읍면동별 세대및 인구,,26,28,30,36,51,75,69,68
서홍동,65세 이상 고령자,읍면동별 세대및 인구,명,933,991,1066,1123,1169,1233,1307,1346
대륜동,세대수,읍면동별 세대및 인구,세대,3461,3575,3630,4125,4524,5391,5555,5844
대륜동,인구,읍면동별 세대및 인구,명,9310,9344,9305,10449,11316,13422,13568,14156
대륜동,남,읍면동별 세대및 인구,,4684,4694,4726,5289,5728,6793,6876,7119
대륜동,여,읍면동별 세대및 인구,,4626,4650,4579,5160,5588,6629,6692,7037
대륜동,한국인,읍면동별 세대및 인구,,9246,9280,9212,10325,11192,13271,13389,13958
대륜동,남,읍면동별 세대및 인구,,4656,4669,4682,5227,5670,6725,6792,7022
대륜동,여,읍면동별 세대및 인구,,4590,4611,4530,5098,5522,6546,6597,6936
대륜동,외국인,읍면동별 세대및 인구,,64,64,93,124,124,151,179,198
대륜동,남,읍면동별 세대및 인구,,28,25,44,62,58,68,84,97
대륜동,여,읍면동별 세대및 인구,,36,39,49,62,66,83,95,101
대륜동,65세 이상 고령자,읍면동별 세대및 인구,명,1334,1415,1475,1580,1722,1891,1988,2041
대천동,세대수,읍면동별 세대및 인구,세대,2666,2768,3003,3157,3597,3963,5713,6089
대천동,인구,읍면동별 세대및 인구,명,6949,7179,7416,7489,8227,9124,13235,13930
대천동,남,읍면동별 세대및 인구,,3479,3652,3743,3769,4212,4687,6714,7096
대천동,여,읍면동별 세대및 인구,,3470,3527,3673,3720,4015,4437,6521,6834
대천동,한국인,읍면동별 세대및 인구,,6920,7042,7265,7396,8103,8980,12993,13675
대천동,남,읍면동별 세대및 인구,,3466,3546,3624,3721,4147,4621,6610,6984
대천동,여,읍면동별 세대및 인구,,3454,3496,3641,3675,3956,4359,6383,6691
대천동,외국인,읍면동별 세대및 인구,,29,137,151,93,124,144,242,255
대천동,남,읍면동별 세대및 인구,,13,106,119,48,65,66,104,112
대천동,여,읍면동별 세대및 인구,,16,31,32,45,59,78,138,143
대천동,65세 이상 고령자,읍면동별 세대및 인구,명,1041,1077,1113,1160,1230,1311,1670,1729
중문동,세대수,읍면동별 세대및 인구,세대,3505,3598,3698,3902,4201,4503,4821,5155
중문동,인구,읍면동별 세대및 인구,명,9064,9094,9258,9440,9949,10457,10964,11482
중문동,남,읍면동별 세대및 인구,,4624,4635,4720,4818,5104,5414,5684,5908
중문동,여,읍면동별 세대및 인구,,4440,4459,4538,4622,4845,5043,5280,5574
중문동,한국인,읍면동별 세대및 인구,,8899,8967,9087,9258,9738,10217,10684,11159
중문동,남,읍면동별 세대및 인구,,4543,4584,4639,4732,4998,5294,5546,5758
중문동,여,읍면동별 세대및 인구,,4356,4383,4448,4526,4740,4923,5138,5401
중문동,외국인,읍면동별 세대및 인구,,165,127,171,182,211,240,280,323
중문동,남,읍면동별 세대및 인구,,81,51,81,86,106,120,138,150
중문동,여,읍면동별 세대및 인구,,84,76,90,96,105,120,142,173
중문동,65세 이상 고령자,읍면동별 세대및 인구,명,1244,1307,1380,1447,1500,1586,1673,1737
예래동,세대수,읍면동별 세대및 인구,세대,1443,1474,1507,1593,1643,1704,1848,1985
예래동,인구,읍면동별 세대및 인구,명,3579,3601,3670,3759,3850,3957,4073,4414
예래동,남,읍면동별 세대및 인구,,1783,1780,1810,1888,1952,2000,2074,2252
예래동,여,읍면동별 세대및 인구,,1796,1821,1860,1871,1898,1957,1999,2162
예래동,한국인,읍면동별 세대및 인구,,3520,3535,3589,3668,3750,3813,3927,4136
예래동,남,읍면동별 세대및 인구,,1753,1755,1772,1834,1896,1930,2005,2114
예래동,여,읍면동별 세대및 인구,,1767,1780,1817,1834,1854,1883,1922,2022
예래동,외국인,읍면동별 세대및 인구,,59,66,81,91,100,144,146,278
예래동,남,읍면동별 세대및 인구,,30,25,38,54,56,70,69,138
예래동,여,읍면동별 세대및 인구,,29,41,43,37,44,74,77,140
예래동,65세 이상 고령자,읍면동별 세대및 인구,명,667,678,720,732,748,782,828,839
